Nome,Cognome
Luca,Rossi
Giulia,Bianchi
Marco,Verdi
Sara,Esposito
Elena,Conti
Paolo,Colombo
Chiara,Ricci
Francesco,Marino
Anna,Greco
Davide,Bruno
Alessandro,Ferrari
Martina,Moretti
Simone,Gallo
Valeria,Longo
Antonio,Barbieri
Marta,Rizzo
Andrea,Lombardi
Federica,Giuliani
Giorgio,Costa
Claudia,Rinaldi
Alessia,Fabbri
Fabio,Caruso
Roberta,Mariani
Daniele,Romano
Giovanna,Cattaneo
Stefano,De Luca
Luisa,Pellegrini
Francesca,Gatti
Gabriele,Orlando
Laura,Parisi
Riccardo,Neri
Emanuela,Serra
Pietro,D'Amico
Silvia,Bellini
Matteo,Ruggiero
Nicole,Coppola
Cristina,Ferraro
Lorenzo,Palmieri
Beatrice,D'Angelo
Enrico,Santoro
Chiara,Martini
Salvatore,Grassi
Serena,Donati
Michele,Benedetti
Rosa,Piras
Franco,Fontana
Barbara,Cavalli
Vincenzo,Farina
Elisa,Sorrentino
Tommaso,Monti
Alice,Amato
Giuseppe,Basile
Lucia,Battaglia
Domenico,Valenti
Angela,Peretti
Nicola,Casini
Caterina,Fiore
Massimo,Rossetti
Giulia,Pagano
Carmine,Costantini
Alessio,Marchetti
Ilaria,Carbone
Roberto,Vitale
Stefania,Lombardo
Vito,Morelli
Monica,Leone
Gianni,De Santis
Elena,Martella
Piero,De Angelis
Angela,Colucci
Matilde,Testa
Sofia,Contini
Dario,Ricci
Gabriella,Pellegrino
Carla,Caputo
Fabrizio,Montanari
Eleonora,De Rosa
Alberto,Ferrero
Veronica,Mariani
Sebastiano,Pugliese
Tiziana,Sala
Renato,Leoni
Miriam,De Simone
Cristiano,Marchesi
Annalisa,Ferri
Manuele,Capone
Cinzia,Brunetti
Flavio,De Cesare
Vanessa,Carraro
Ottavio,Orsini
Raffaele,Milani
Marianna,De Marco
Giada,Romani
Guido,De Biase
Patrizia,Costa
Luigi,Benedetto
Camilla,Grimaldi
Domenica,Lotti
Marcello,Allegri
Ester,Bellotti
